,Date,WTFESY,OTH 18-20kg,OTH 20-22kg,OTH 22-24kg
0,1999-01-31,156.66666666666666,,,
1,1999-02-28,150.9375,,,
2,1999-03-31,154.85,,,
3,1999-04-30,159.0,,,
4,1999-05-31,159.5,,,
5,1999-06-30,160.0,,,
6,1999-07-31,158.5,,,
7,1999-08-31,155.75,,,
8,1999-09-30,156.0,,,
9,1999-10-31,157.5,,,
10,1999-11-30,150.5,,,
11,1999-12-31,142.8,,,
12,2000-01-31,145.25,204.0,202.0,198.25
13,2000-02-29,152.75,192.25,188.75,187.0
14,2000-03-31,153.2,189.0,188.0,188.75
15,2000-04-30,154.0,190.66666669999998,189.0,190.66666669999998
16,2000-05-31,157.0,176.6,177.4,185.4
17,2000-06-30,162.5,155.66666669999998,165.0,184.0
18,2000-07-31,162.5,144.8,154.0,173.2
19,2000-08-31,159.6,128.25,135.25,158.25
20,2000-09-30,161.5,126.25,131.25,164.0
21,2000-10-31,162.5,140.0,145.8,169.8
22,2000-11-30,174.0,160.75,164.0,179.0
23,2000-12-31,180.0,171.0,178.0,188.0
24,2001-01-31,180.0,182.5,188.0,201.5
25,2001-02-28,170.75,215.0,225.25,240.5
26,2001-03-31,164.25,226.75,242.0,268.5
27,2001-04-30,172.75,235.2,245.6,277.6
28,2001-05-31,179.6,221.5,229.75,266.25
29,2001-06-30,187.0,233.75,253.0,288.75
30,2001-07-31,202.75,251.0,277.6,308.2
31,2001-08-31,195.6,264.0,309.75,319.25
32,2001-09-30,192.25,324.5,331.25,339.5
33,2001-10-31,200.6,273.4,291.2,316.6
34,2001-11-30,204.5,271.0,290.0,312.25
35,2001-12-31,205.416666675,268.0,285.0,310.0
36,2002-01-31,220.66666666,278.75,285.75,310.0
37,2002-02-28,225.75,331.25,314.5,339.5
38,2002-03-31,221.75,347.5,331.25,348.5
39,2002-04-30,220.0,310.0,314.8,328.4
40,2002-05-31,221.2,297.5,287.5,294.5
41,2002-06-30,223.25,279.5,264.25,276.5
42,2002-07-31,235.6,300.4,288.2,306.4
43,2002-08-31,280.0,308.5,326.75,342.75
44,2002-09-30,320.0,344.0,362.0,383.2
45,2002-10-31,348.0,325.0,356.0,385.0
46,2002-11-30,353.75,263.5,305.0,335.75
47,2002-12-31,337.25,272.6666667,321.0,354.6666667
48,2003-01-31,342.8,332.5,336.5,360.5
49,2003-02-28,330.0,329.5,334.75,364.5
50,2003-03-31,305.0,390.0,400.0,411.2
51,2003-04-30,276.4,380.5,390.25,418.0
52,2003-05-31,291.25,356.75,373.25,405.75
53,2003-06-30,297.25,392.0,392.0,408.8
54,2003-07-31,262.0,409.25,404.75,417.5
55,2003-08-31,220.0,425.75,431.75,434.75
56,2003-09-30,226.25,398.8,398.8,402.0
57,2003-10-31,213.4,358.0,359.25,370.75
58,2003-11-30,210.5,338.5,335.5,345.5
59,2003-12-31,207.6,333.0,327.3333333,313.0
60,2004-01-31,206.75,354.25,349.25,331.75
61,2004-02-29,205.25,365.5,358.5,339.75
62,2004-03-31,215.4,355.4,350.0,333.6
63,2004-04-30,221.25,346.25,340.0,318.0
64,2004-05-31,231.25,359.0,349.2,327.0
65,2004-06-30,228.2,433.25,428.25,395.5
66,2004-07-31,211.25,490.5,486.75,469.75
67,2004-08-31,209.0,470.4,467.6,459.2
68,2004-09-30,200.6,407.5,409.5,404.75
69,2004-10-31,197.75,348.25,348.25,355.0
70,2004-11-30,188.75,335.6,334.2,338.4
71,2004-12-31,181.55,329.0,327.0,335.5
72,2005-01-31,175.58333333333337,336.0,331.25,326.5
73,2005-02-28,173.25,344.75,328.75,315.25
74,2005-03-31,178.8,342.25,326.0,305.0
75,2005-04-30,183.0,333.75,318.25,298.5
76,2005-05-31,212.5,339.4,319.2,300.2
77,2005-06-30,223.0,352.75,338.25,314.25
78,2005-07-31,208.25,374.0,370.25,355.0
79,2005-08-31,199.2,394.4,390.8,371.4
80,2005-09-30,189.5,387.75,391.75,381.75
81,2005-10-31,194.5,352.6,349.0,343.6
82,2005-11-30,183.6,336.5,333.5,330.25
83,2005-12-31,170.86666666000005,338.0,338.0,337.5
84,2006-01-31,175.666666675,337.0,336.75,329.25
85,2006-02-28,184.25,346.0,351.0,345.25
86,2006-03-31,190.0,342.5,343.25,339.5
87,2006-04-30,193.0,339.75,339.75,336.75
88,2006-05-31,198.2,343.8,343.0,339.6
89,2006-06-30,220.0,350.25,349.75,349.5
90,2006-07-31,218.0,364.6,363.2,360.0
91,2006-08-31,219.0,354.25,355.5,350.5
92,2006-09-30,243.75,314.25,311.5,314.25
93,2006-10-31,317.5,307.6,303.6,305.0
94,2006-11-30,329.0,317.5,311.5,321.25
95,2006-12-31,322.916666675,321.0,318.0,325.0
96,2007-01-31,321.06666666,327.5,325.5,326.0
97,2007-02-28,314.75,331.0,331.0,327.0
98,2007-03-31,301.25,337.5,342.5,339.75
99,2007-04-30,293.0,341.8,341.8,335.0
100,2007-05-31,294.0,354.25,353.5,346.75
101,2007-06-30,299.5,375.5,373.0,374.0
102,2007-07-31,311.25,363.0,363.2,368.6
103,2007-08-31,316.4,312.0,312.5,317.25
104,2007-09-30,408.75,262.75,264.75,270.25
105,2007-10-31,458.0,276.8,268.8,274.2
106,2007-11-30,430.0,294.25,280.75,277.0
107,2007-12-31,441.666666675,303.5,295.0,289.0
108,2008-01-31,445.66666666,328.0,328.5,323.25
109,2008-02-29,475.0,369.75,372.0,343.75
110,2008-03-31,512.5,353.8,338.8,327.2
111,2008-04-30,470.0,348.0,337.5,328.5
112,2008-05-31,430.0,366.75,354.25,348.5
113,2008-06-30,435.0,430.4,417.4,408.8
114,2008-07-31,449.0,460.75,453.75,448.5
115,2008-08-31,418.75,461.0,456.25,448.75
116,2008-09-30,403.75,437.2,436.8,433.6
117,2008-10-31,342.0,372.25,373.5,379.5
118,2008-11-30,281.875,359.0,359.75,363.75
119,2008-12-31,229.0,403.0,397.6666667,393.3333333
120,2009-01-31,267.5,422.0,417.5,413.75
121,2009-02-28,282.5,412.75,407.0,411.25
122,2009-03-31,281.0,435.6,429.6,434.8
123,2009-04-30,271.0,451.75,447.25,448.75
124,2009-05-31,273.125,464.75,457.75,458.0
125,2009-06-30,281.25,490.6,481.6,480.0
126,2009-07-31,278.0,499.0,497.0,489.75
127,2009-08-31,262.5,434.4,442.2,452.2
128,2009-09-30,250.0,424.5,433.25,440.25
129,2009-10-31,229.0,422.5,425.5,429.25
130,2009-11-30,230.0,393.4,393.6,394.2
131,2009-12-31,247.66666666,415.0,413.5,414.5
132,2010-01-31,250.416666675,461.33333330000005,461.33333330000005,457.33333330000005
133,2010-02-28,229.5,469.0,469.0,465.5
134,2010-03-31,224.5,473.2,473.2,469.6
135,2010-04-30,210.33333333333331,468.5,468.5,463.25
136,2010-05-31,218.66666666666663,482.6,481.6,476.2
137,2010-06-30,219.0,498.75,498.75,493.0
138,2010-07-31,235.2,496.0,495.25,484.5
139,2010-08-31,284.25,512.2,512.2,493.6
140,2010-09-30,301.2,518.0,517.0,495.25
141,2010-10-31,296.25,472.75,472.75,461.75
142,2010-11-30,261.25,464.8,465.4,456.0
143,2010-12-31,257.75,491.5,492.0,490.5
144,2011-01-31,250.9375,532.75,533.75,535.5
145,2011-02-28,250.0,575.5,575.75,571.75
146,2011-03-31,251.0,600.25,600.25,595.25
147,2011-04-30,257.5,596.25,596.5,588.0
148,2011-05-31,257.5,570.0,572.8,553.0
149,2011-06-30,253.2,543.25,545.25,522.75
150,2011-07-31,242.5,493.0,492.25,470.25
151,2011-08-31,243.0,494.0,493.0,464.4
152,2011-09-30,244.4,493.5,495.75,470.75
153,2011-10-31,231.25,505.6,507.0,493.6
154,2011-11-30,227.5,500.25,500.75,490.5
155,2011-12-31,204.75,511.0,511.0,504.0
156,2012-01-31,211.4375,496.25,496.25,483.5
157,2012-02-29,213.25,482.5,481.0,462.25
158,2012-03-31,209.4,469.25,468.0,455.75
159,2012-04-30,209.5,449.0,447.6,441.0
160,2012-05-31,221.6,443.25,441.5,435.25
161,2012-06-30,251.75,446.5,448.5,431.5
162,2012-07-31,286.25,453.6,441.2,424.8
163,2012-08-31,299.8,427.0,418.25,403.0
164,2012-09-30,310.25,416.75,413.5,408.5
165,2012-10-31,301.75,393.6,392.8,382.6
166,2012-11-30,307.2,350.25,351.25,351.75
167,2012-12-31,308.083333325,354.5,354.5,351.5
168,2013-01-31,308.13333334,360.75,361.5,359.0
169,2013-02-28,319.0,369.25,369.5,366.25
170,2013-03-31,315.25,423.0,423.75,421.0
171,2013-04-30,300.25,427.6,429.2,426.4
172,2013-05-31,309.6,417.5,417.25,419.5
173,2013-06-30,311.5,473.75,472.75,463.25
174,2013-07-31,308.5,505.4,502.6,496.6
175,2013-08-31,291.8,489.25,487.75,487.5
176,2013-09-30,283.5,452.4,452.4,448.2
177,2013-10-31,291.0,435.0,435.0,429.25
178,2013-11-30,298.75,419.75,419.75,413.75
179,2013-12-31,309.416666675,430.5,430.5,426.6
180,2014-01-31,309.26666666,439.5,439.5,432.5
181,2014-02-28,313.75,480.75,482.25,476.5
182,2014-03-31,327.5,566.4,566.4,563.6
183,2014-04-30,330.25,574.0,574.0,568.75
184,2014-05-31,333.2,592.75,592.75,586.5
185,2014-06-30,316.0,587.6,587.6,584.4
186,2014-07-31,291.7,555.75,559.25,563.0
187,2014-08-31,285.0,497.75,497.75,500.75
188,2014-09-30,283.75,493.8,493.8,490.0
189,2014-10-31,277.6,483.5,483.5,482.5
190,2014-11-30,301.5,466.5,470.0,466.25
191,2014-12-31,305.9375,497.65,502.25,502.0
192,2015-01-31,308.35,514.5625,523.3125,524.0
193,2015-02-28,298.5,531.25,541.25,543.5
194,2015-03-31,292.5,519.2,529.2,520.0
195,2015-04-30,299.0,527.0,537.0,529.25
196,2015-05-31,292.75,539.5,554.5,549.5
197,2015-06-30,298.0,553.0,568.0,567.2
198,2015-07-31,310.2,564.0,574.0,569.5
199,2015-08-31,296.25,568.8,577.8,575.6
200,2015-09-30,278.75,551.25,562.0,560.75
201,2015-10-31,283.8,484.25,499.0,497.5
202,2015-11-30,293.5,493.4,518.0,518.0
203,2015-12-31,285.55,499.0625,521.625,521.625
204,2016-01-31,280.6875,490.3125,514.875,514.875
205,2016-02-29,275.0,503.8,523.8,525.0
206,2016-03-31,258.73333334,484.5,501.5,501.5
207,2016-04-30,259.583333325,502.0,510.0,510.0
208,2016-05-31,262.75,528.0,536.0,533.6
209,2016-06-30,269.6,588.0,596.0,592.0
210,2016-07-31,255.25,604.0,612.0,612.0
211,2016-08-31,238.125,591.4,600.6,600.6
212,2016-09-30,232.0,549.75,567.0,567.0
213,2016-10-31,247.25,540.6,555.4,556.4
214,2016-11-30,247.0,521.0,537.0,535.5
215,2016-12-31,222.5,515.4,524.6,530.3
216,2017-01-31,215.25,534.88,549.92,552.56
217,2017-02-28,203.5,607.5,613.5,613.5
218,2017-03-31,210.0,621.0,621.0,621.0
219,2017-04-30,209.75,652.5,652.5,652.5
220,2017-05-31,217.5,640.4,640.4,640.4
221,2017-06-30,243.8,638.0,638.0,638.0
222,2017-07-31,276.75,594.4,594.4,594.4
223,2017-08-31,249.2,600.5,600.5,600.5
224,2017-09-30,255.0,607.5,607.5,607.5
225,2017-10-31,269.25,606.0,606.0,606.0
226,2017-11-30,256.0,634.0,634.0,634.0
227,2017-12-31,258.916666675,652.0,652.0,652.0
228,2018-01-31,250.833333325,654.6,654.6,654.6
229,2018-02-28,262.75,623.5,623.5,623.5
230,2018-03-31,277.4,617.75,617.75,617.75
231,2018-04-30,289.5,609.6,609.6,609.6
232,2018-05-31,338.2,602.5,602.5,602.5
233,2018-06-30,375.0,630.0,630.0,630.0
234,2018-07-31,372.5,717.2,725.4,722.8
235,2018-08-31,407.5,783.75,783.75,783.75
236,2018-09-30,430.0,815.25,815.25,815.25
237,2018-10-31,450.0,742.0,742.0,742.0
238,2018-11-30,446.0,722.5,722.5,722.5
239,2018-12-31,440.416666675,722.8,725.5,725.5
240,2019-01-31,441.33333332,702.75,705.0,705.0
241,2019-02-28,431.666666675,676.0,676.0,676.0
242,2019-03-31,411.25,648.5,648.5,648.5
243,2019-04-30,397.0,687.3,687.3,687.3
244,2019-05-31,375.4,766.75,766.75,766.75
245,2019-06-30,385.0,839.5,839.5,839.5
246,2019-07-31,370.0,875.4,875.4,875.4
247,2019-08-31,359.0,840.0,840.0,840.0
248,2019-09-30,370.0,790.8,790.8,790.8
249,2019-10-31,382.5,783.0,783.0,778.5
250,2019-11-30,376.25,759.25,759.25,757.75
251,2019-12-31,403.333333325,721.0,734.0,734.0
252,2020-01-31,429.33333334,695.5,729.75,729.75
